-- =========================
-- 21 INSERTS: public.users
-- =========================
INSERT INTO public.users (id, username, email, first_name, last_name, middle_name, password_hash, is_active, must_change_password, created_at, created_by) VALUES ('ca82f17b-fcd1-4c77-a55f-6e50e7f0fcd3'::uuid, 'user01', 'user01@example.com', 'First01', 'Last01', 'M01', '$2b$12$dummyhash01', true, false, '2025-12-01 09:00:00'::timestamp, 'seed_script');
INSERT INTO public.users (id, username, email, first_name, last_name, middle_name, password_hash, is_active, must_change_password, created_at, created_by) VALUES ('1df0583e-f9fd-4631-861e-007ef1b6ff15'::uuid, 'user02', 'user02@example.com', 'First02', 'Last02', 'M02', '$2b$12$dummyhash02', true, false, '2025-12-02 09:00:00'::timestamp, 'seed_script');
INSERT INTO public.users (id, username, email, first_name, last_name, middle_name, password_hash, is_active, must_change_password, created_at, created_by) VALUES ('8cc38041-b58b-4e97-80ca-ddabeab1ba27'::uuid, 'user03', 'user03@example.com', 'First03', 'Last03', NULL, '$2b$12$dummyhash03', true, false, '2025-12-03 09:00:00'::timestamp, 'seed_script');
INSERT INTO public.users (id, username, email, first_name, last_name, middle_name, password_hash, is_active, must_change_password, created_at, created_by) VALUES ('6a9ebd85-1674-4e04-97d9-22d0cba1f3fd'::uuid, 'user04', 'user04@example.com', 'First04', 'Last04', 'M04', '$2b$12$dummyhash04', true, false, '2025-12-04 09:00:00'::timestamp, 'seed_script');
INSERT INTO public.users (id, username, email, first_name, last_name, middle_name, password_hash, is_active, must_change_password, created_at, created_by) VALUES ('1e6c13f7-5d68-4622-a8e4-8ad83b09d0ef'::uuid, 'user05', 'user05@example.com', 'First05', 'Last05', 'M05', '$2b$12$dummyhash05', true, true, '2025-12-05 09:00:00'::timestamp, 'seed_script');
INSERT INTO public.users (id, username, email, first_name, last_name, middle_name, password_hash, is_active, must_change_password, created_at, created_by) VALUES ('a7f6aa80-1719-4a6f-90e4-686d41e01b7f'::uuid, 'user06', 'user06@example.com', 'First06', 'Last06', NULL, '$2b$12$dummyhash06', true, false, '2025-12-06 09:00:00'::timestamp, 'seed_script');
INSERT INTO public.users (id, username, email, first_name, last_name, middle_name, password_hash, is_active, must_change_password, created_at, created_by) VALUES ('f90c2c25-c24b-4c18-82b5-8c1bda63f2a3'::uuid, 'user07', 'user07@example.com', 'First07', 'Last07', 'M07', '$2b$12$dummyhash07', false, false, '2025-12-07 09:00:00'::timestamp, 'seed_script');
INSERT INTO public.users (id, username, email, first_name, last_name, middle_name, password_hash, is_active, must_change_password, created_at, created_by) VALUES ('21fd79a0-7e8a-4d09-bbc4-3edc6cf8ccf6'::uuid, 'user08', 'user08@example.com', 'First08', 'Last08', 'M08', '$2b$12$dummyhash08', true, false, '2025-12-08 09:00:00'::timestamp, 'seed_script');
INSERT INTO public.users (id, username, email, first_name, last_name, middle_name, password_hash, is_active, must_change_password, created_at, created_by) VALUES ('7e70b6d1-2f3b-4f6e-9f50-0d36b87903fb'::uuid, 'user09', 'user09@example.com', 'First09', 'Last09', NULL, '$2b$12$dummyhash09', true, false, '2025-12-09 09:00:00'::timestamp, 'seed_script');
INSERT INTO public.users (id, username, email, first_name, last_name, middle_name, password_hash, is_active, must_change_password, created_at, created_by) VALUES ('c31a56b0-91e0-4a88-9d27-cb50d3a3e18c'::uuid, 'user10', 'user10@example.com', 'First10', 'Last10', 'M10', '$2b$12$dummyhash10', true, true, '2025-12-10 09:00:00'::timestamp, 'seed_script');
INSERT INTO public.users (id, username, email, first_name, last_name, middle_name, password_hash, is_active, must_change_password, created_at, created_by) VALUES ('ff1f1152-7e38-4ea9-a3f1-b88cbf2c9f08'::uuid, 'user11', 'user11@example.com', 'First11', 'Last11', 'M11', '$2b$12$dummyhash11', true, false, '2025-12-11 09:00:00'::timestamp, 'seed_script');
INSERT INTO public.users (id, username, email, first_name, last_name, middle_name, password_hash, is_active, must_change_password, created_at, created_by) VALUES ('f5b7bb6c-3fbb-4baf-bc83-413a6c8a9b39'::uuid, 'user12', 'user12@example.com', 'First12', 'Last12', NULL, '$2b$12$dummyhash12', true, false, '2025-12-12 09:00:00'::timestamp, 'seed_script');
INSERT INTO public.users (id, username, email, first_name, last_name, middle_name, password_hash, is_active, must_change_password, created_at, created_by) VALUES ('b56c04c4-2a0b-4b6e-9339-6f28d6f2aa44'::uuid, 'user13', 'user13@example.com', 'First13', 'Last13', 'M13', '$2b$12$dummyhash13', true, false, '2025-12-13 09:00:00'::timestamp, 'seed_script');
INSERT INTO public.users (id, username, email, first_name, last_name, middle_name, password_hash, is_active, must_change_password, created_at, created_by) VALUES ('a6bbf6a1-8b8e-4e12-9a83-e6d0df0f0a60'::uuid, 'user14', 'user14@example.com', 'First14', 'Last14', 'M14', '$2b$12$dummyhash14', false, false, '2025-12-14 09:00:00'::timestamp, 'seed_script');
INSERT INTO public.users (id, username, email, first_name, last_name, middle_name, password_hash, is_active, must_change_password, created_at, created_by) VALUES ('dbf1a6e7-b97e-4a51-8d89-bfb59b2b5d62'::uuid, 'user15', 'user15@example.com', 'First15', 'Last15', NULL, '$2b$12$dummyhash15', true, true, '2025-12-15 09:00:00'::timestamp, 'seed_script');
INSERT INTO public.users (id, username, email, first_name, last_name, middle_name, password_hash, is_active, must_change_password, created_at, created_by) VALUES ('f0a25c1d-9ff6-46cd-8cb7-5e9c80a9c2f3'::uuid, 'user16', 'user16@example.com', 'First16', 'Last16', 'M16', '$2b$12$dummyhash16', true, false, '2025-12-16 09:00:00'::timestamp, 'seed_script');
INSERT INTO public.users (id, username, email, first_name, last_name, middle_name, password_hash, is_active, must_change_password, created_at, created_by) VALUES ('1d5673e4-5f09-4d73-9a6b-647c0c6c5d9c'::uuid, 'user17', 'user17@example.com', 'First17', 'Last17', 'M17', '$2b$12$dummyhash17', true, false, '2025-12-17 09:00:00'::timestamp, 'seed_script');
INSERT INTO public.users (id, username, email, first_name, last_name, middle_name, password_hash, is_active, must_change_password, created_at, created_by) VALUES ('a6d922f3-6bd5-4fb3-8f56-7b9e8c72c4e5'::uuid, 'user18', 'user18@example.com', 'First18', 'Last18', NULL, '$2b$12$dummyhash18', true, false, '2025-12-18 09:00:00'::timestamp, 'seed_script');
INSERT INTO public.users (id, username, email, first_name, last_name, middle_name, password_hash, is_active, must_change_password, created_at, created_by) VALUES ('f1dd1b8d-1c54-4c5d-b69e-7e5a5f2d8d07'::uuid, 'user19', 'user19@example.com', 'First19', 'Last19', 'M19', '$2b$12$dummyhash19', true, false, '2025-12-19 09:00:00'::timestamp, 'seed_script');
INSERT INTO public.users (id, username, email, first_name, last_name, middle_name, password_hash, is_active, must_change_password, created_at, created_by) VALUES ('a2a4b9b6-2dd7-4a45-a0f3-9f1a1d2b3c4d'::uuid, 'user20', 'user20@example.com', 'First20', 'Last20', 'M20', '$2b$12$dummyhash20', true, true, '2025-12-20 09:00:00'::timestamp, 'seed_script');
INSERT INTO public.users (id, username, email, first_name, last_name, middle_name, password_hash, is_active, must_change_password, created_at, created_by) VALUES ('3f7d9a1c-0f24-4c7a-8f6c-1b2c3d4e5f60'::uuid, 'user21', 'user21@example.com', 'First21', 'Last21', NULL, '$2b$12$dummyhash21', false, false, '2025-12-21 09:00:00'::timestamp, 'seed_script');

-- ===============================
-- 21 INSERTS: public.user_roles
-- (role_id son UUIDs de ejemplo)
-- ===============================
INSERT INTO public.user_roles (user_id, role_id) VALUES ('ca82f17b-fcd1-4c77-a55f-6e50e7f0fcd3'::uuid, '64c1b043-d2be-484b-8a42-7a10b86eddb9'::uuid);
INSERT INTO public.user_roles (user_id, role_id) VALUES ('1df0583e-f9fd-4631-861e-007ef1b6ff15'::uuid, 'be3d272a-4cf8-473c-9beb-2a8ff28446bb'::uuid);
INSERT INTO public.user_roles (user_id, role_id) VALUES ('8cc38041-b58b-4e97-80ca-ddabeab1ba27'::uuid, '4dbda349-106e-4d82-b15f-7cd5683820ab'::uuid);
INSERT INTO public.user_roles (user_id, role_id) VALUES ('6a9ebd85-1674-4e04-97d9-22d0cba1f3fd'::uuid, 'ef3b9e6a-26a0-4c53-bf07-7e85a9c38c69'::uuid);
INSERT INTO public.user_roles (user_id, role_id) VALUES ('1e6c13f7-5d68-4622-a8e4-8ad83b09d0ef'::uuid, '7fb1de2f-1c2d-4d83-9e8f-1f2a3b4c5d6e'::uuid);
INSERT INTO public.user_roles (user_id, role_id) VALUES ('a7f6aa80-1719-4a6f-90e4-686d41e01b7f'::uuid, '64c1b043-d2be-484b-8a42-7a10b86eddb9'::uuid);
INSERT INTO public.user_roles (user_id, role_id) VALUES ('f90c2c25-c24b-4c18-82b5-8c1bda63f2a3'::uuid, 'be3d272a-4cf8-473c-9beb-2a8ff28446bb'::uuid);
INSERT INTO public.user_roles (user_id, role_id) VALUES ('21fd79a0-7e8a-4d09-bbc4-3edc6cf8ccf6'::uuid, '4dbda349-106e-4d82-b15f-7cd5683820ab'::uuid);
INSERT INTO public.user_roles (user_id, role_id) VALUES ('7e70b6d1-2f3b-4f6e-9f50-0d36b87903fb'::uuid, 'ef3b9e6a-26a0-4c53-bf07-7e85a9c38c69'::uuid);
INSERT INTO public.user_roles (user_id, role_id) VALUES ('c31a56b0-91e0-4a88-9d27-cb50d3a3e18c'::uuid, '7fb1de2f-1c2d-4d83-9e8f-1f2a3b4c5d6e'::uuid);
INSERT INTO public.user_roles (user_id, role_id) VALUES ('ff1f1152-7e38-4ea9-a3f1-b88cbf2c9f08'::uuid, '64c1b043-d2be-484b-8a42-7a10b86eddb9'::uuid);
INSERT INTO public.user_roles (user_id, role_id) VALUES ('f5b7bb6c-3fbb-4baf-bc83-413a6c8a9b39'::uuid, 'be3d272a-4cf8-473c-9beb-2a8ff28446bb'::uuid);
INSERT INTO public.user_roles (user_id, role_id) VALUES ('b56c04c4-2a0b-4b6e-9339-6f28d6f2aa44'::uuid, '4dbda349-106e-4d82-b15f-7cd5683820ab'::uuid);
INSERT INTO public.user_roles (user_id, role_id) VALUES ('a6bbf6a1-8b8e-4e12-9a83-e6d0df0f0a60'::uuid, 'ef3b9e6a-26a0-4c53-bf07-7e85a9c38c69'::uuid);
INSERT INTO public.user_roles (user_id, role_id) VALUES ('dbf1a6e7-b97e-4a51-8d89-bfb59b2b5d62'::uuid, '7fb1de2f-1c2d-4d83-9e8f-1f2a3b4c5d6e'::uuid);
INSERT INTO public.user_roles (user_id, role_id) VALUES ('f0a25c1d-9ff6-46cd-8cb7-5e9c80a9c2f3'::uuid, '64c1b043-d2be-484b-8a42-7a10b86eddb9'::uuid);
INSERT INTO public.user_roles (user_id, role_id) VALUES ('1d5673e4-5f09-4d73-9a6b-647c0c6c5d9c'::uuid, 'be3d272a-4cf8-473c-9beb-2a8ff28446bb'::uuid);
INSERT INTO public.user_roles (user_id, role_id) VALUES ('a6d922f3-6bd5-4fb3-8f56-7b9e8c72c4e5'::uuid, '4dbda349-106e-4d82-b15f-7cd5683820ab'::uuid);
INSERT INTO public.user_roles (user_id, role_id) VALUES ('f1dd1b8d-1c54-4c5d-b69e-7e5a5f2d8d07'::uuid, 'ef3b9e6a-26a0-4c53-bf07-7e85a9c38c69'::uuid);
INSERT INTO public.user_roles (user_id, role_id) VALUES ('a2a4b9b6-2dd7-4a45-a0f3-9f1a1d2b3c4d'::uuid, '7fb1de2f-1c2d-4d83-9e8f-1f2a3b4c5d6e'::uuid);
INSERT INTO public.user_roles (user_id, role_id) VALUES ('3f7d9a1c-0f24-4c7a-8f6c-1b2c3d4e5f60'::uuid, '64c1b043-d2be-484b-8a42-7a10b86eddb9'::uuid);

INSERT INTO public.roles
(id, "name")
VALUES(gen_random_uuid(), 'Employee');
INSERT INTO public.roles
(id, "name")
VALUES(gen_random_uuid(), 'Admin');